{
  "benchmarks": {
    "math_hard": {
      "n": 30,
      "answer_type": "math_expression",
      "sc8_legacy_acc": 0.4,
      "sc8_strict_acc": 0.3,
      "agd_legacy_acc": {
        "0.5": 0.5666666666666667,
        "0.75": 0.5666666666666667,
        "1.0": 0.5666666666666667
      },
      "agd_strict_acc": {
        "0.5": 0.5,
        "0.75": 0.5,
        "1.0": 0.5
      },
      "delta_sc8": -0.1
    },
    "bbh_logic": {
      "n": 30,
      "answer_type": "multiple_choice",
      "sc8_legacy_acc": 0.3,
      "sc8_strict_acc": 0.03333333333333333,
      "agd_legacy_acc": {
        "0.5": 0.06666666666666667,
        "0.75": 0.06666666666666667,
        "1.0": 0.06666666666666667
      },
      "agd_strict_acc": {
        "0.5": 0.0,
        "0.75": 0.0,
        "1.0": 0.0
      },
      "delta_sc8": -0.26666666666666666
    },
    "arc_challenge": {
      "n": 30,
      "answer_type": "multiple_choice",
      "sc8_legacy_acc": 0.8333333333333334,
      "sc8_strict_acc": 0.3333333333333333,
      "agd_legacy_acc": {
        "0.5": 0.8666666666666667,
        "0.75": 0.8333333333333334,
        "1.0": 0.8333333333333334
      },
      "agd_strict_acc": {
        "0.5": 0.4,
        "0.75": 0.43333333333333335,
        "1.0": 0.43333333333333335
      },
      "delta_sc8": -0.5
    },
    "strategyqa": {
      "n": 30,
      "answer_type": "boolean",
      "sc8_legacy_acc": 0.8333333333333334,
      "sc8_strict_acc": 0.8,
      "agd_legacy_acc": {
        "0.5": 0.8,
        "0.75": 0.8,
        "1.0": 0.8
      },
      "agd_strict_acc": {
        "0.5": 0.7666666666666667,
        "0.75": 0.7666666666666667,
        "1.0": 0.7666666666666667
      },
      "delta_sc8": -0.03333333333333333
    }
  },
  "summary": {
    "n_benchmarks": 4,
    "mean_sc8_legacy": 0.5916666666666667,
    "mean_sc8_strict": 0.3666666666666667,
    "mean_delta_sc8": -0.225
  }
}