{
  "benchmarks": {
    "math_hard": {
      "n": 30,
      "answer_type": "math_expression",
      "sc8_legacy_acc": 0.23333333333333334,
      "sc8_strict_acc": 0.2,
      "agd_legacy_acc": {
        "0.5": 0.26666666666666666,
        "0.75": 0.3,
        "1.0": 0.3
      },
      "agd_strict_acc": {
        "0.5": 0.2,
        "0.75": 0.23333333333333334,
        "1.0": 0.23333333333333334
      },
      "delta_sc8": -0.03333333333333333
    },
    "bbh_logic": {
      "n": 30,
      "answer_type": "multiple_choice",
      "sc8_legacy_acc": 0.5666666666666667,
      "sc8_strict_acc": 0.03333333333333333,
      "agd_legacy_acc": {
        "0.5": 0.5666666666666667,
        "0.75": 0.5666666666666667,
        "1.0": 0.5666666666666667
      },
      "agd_strict_acc": {
        "0.5": 0.03333333333333333,
        "0.75": 0.03333333333333333,
        "1.0": 0.03333333333333333
      },
      "delta_sc8": -0.5333333333333333
    },
    "arc_challenge": {
      "n": 30,
      "answer_type": "multiple_choice",
      "sc8_legacy_acc": 0.6333333333333333,
      "sc8_strict_acc": 0.06666666666666667,
      "agd_legacy_acc": {
        "0.5": 0.6333333333333333,
        "0.75": 0.6333333333333333,
        "1.0": 0.6333333333333333
      },
      "agd_strict_acc": {
        "0.5": 0.03333333333333333,
        "0.75": 0.03333333333333333,
        "1.0": 0.03333333333333333
      },
      "delta_sc8": -0.5666666666666667
    },
    "strategyqa": {
      "n": 30,
      "answer_type": "boolean",
      "sc8_legacy_acc": 0.8,
      "sc8_strict_acc": 0.6333333333333333,
      "agd_legacy_acc": {
        "0.5": 0.7666666666666667,
        "0.75": 0.7666666666666667,
        "1.0": 0.7666666666666667
      },
      "agd_strict_acc": {
        "0.5": 0.7,
        "0.75": 0.7,
        "1.0": 0.7
      },
      "delta_sc8": -0.16666666666666666
    }
  },
  "summary": {
    "n_benchmarks": 4,
    "mean_sc8_legacy": 0.5583333333333333,
    "mean_sc8_strict": 0.23333333333333334,
    "mean_delta_sc8": -0.325
  }
}